{
    "id": "9252117064230671844330",
    "name": "expedition",
    "label": "Kitchen Display System - Expedidion",
    "showFooter": false,
    "showHeader": true,
    "showMenu": true,
    "showBack": true,
    "showForm": true,
    "popup": "component/popup.html",
    "template": "container/window.html",
    "footer": "component/footer.html",
    "menuTemplate": "component/menu.html",
    "events": [
        {
            "id": "490555962156099276344",
            "name": "MenuOnClick",
            "code": "DisplayController.toggleNotInitializedProducts();"
        }
    ],
    "widgets": [
        {
            "id": "490555963615276152331",
            "name": "KDS",
            "label": "Kitchen Display System",
            "isVisible": true,
            "template": "../../../../templates/widget/kds.html",
            "imgSrc": "../../kds/mobile/images/",
            "kdsType": "expedition",
            "orderAction": "always",
            "hasSummary": false,
            "hasWaiting": false,
            "keyboardSelection": true,
            "itemSelection": true,
            "showOrderTimer": true,
            "showOrderConsumer": true,
            "orderNumberField": "orderCode",
            "orderLabelField": "label",
            "orderTableField": "NRMESA",
            "orderOldTableField": "NRMESAOLD",
            "orderCommandNumberField": "DSCOMANDA",
            "orderStatusField": "IDSITITPEDFOS",
            "orderConsumerField": "NMCONSUMIDOR",
            "orderTimeField": "timer",
            "orderMaxTimeField": "NRTEMPOPROD",
            "colorsTimerField": "TEMPOCORES",
            "delayTime": "DELAYTIME",
            "waitingItems": [],
            "orderKey": "orderKey",
            "orderOrigin": "ORIGEM",
            "orderItemsField": "items",
            "orderItemQttyField": "QTPRODPEFOS",
            "orderItemDescField": "NMPRODUTO",
            "orderItemStatusField": "IDSITITPEDFOS",
            "orderItemSelectField": "PRODUCTED",
            "orderItemObsField": "TXPRODPED",
            "orderItemCompositionField": "composicao",
            "orderItemGroupField": "NRSEQPRODCOMKDS",
            "orderItemGroupDescField": "NMPROMOCAO",
            "orderItemPositionField": "NRLUGARMESAIT",
            "orderItemPositionLabelField": "DSLUGARMESAIT",
            "orderCurrentTime": "NOW",
            "orderShowTime": "DTHREXIBICAOPROD",
            "orderCancelledStatus": "C",
            "itemNotStartedStatus": "E",
            "itemProductionStatus": "P",
            "itemDoneStatus": "F",
            "itemCancelledStatus": "C",
            "observationJoinChar": "|",
            "actions": [],
            "events": [
                {
                    "id": "490555961399236277339",
                    "name": "WidgetOnEnter",
                    "code": "DisplayController.kdsOnEnter(args.owner, 'expedition');"
                },
                {
                    "id": "49055596454371070340",
                    "name": "KDSOrderClick",
                    "code": "DisplayController.handleUpdateExpedition(args.owner);"
                },
                {
                    "id": "490555963006750048342",
                    "name": "KDSOrderSelect",
                    "code": "DisplayController.orderSelect(args.owner);"
                },
                {
                    "id": "490555964293755952343",
                    "name": "WidgetAfterUnselectRow",
                    "code": "DisplayController.orderUnselect(args.owner);"
                }
            ],
            "dataSource": {},
            "dataSourceFilter": [],
            "fields": [],
            "widgets": []
        }
    ]
}