{
    "id": "12752499242274744959345",
    "name": "paraInicial",
    "showHeader": false,
    "label": "Parametrização Inicial",
    "showBack": false,
    "events": [],
    "showFooter": false,
    "showMenu": false,
    "footer": "component/footer.html",
    "template": "container/window.html",
    "popup": "component/popup.html",
    "widgets": [
        {
            "id": "6749248563324135394346",
            "name": "login",
            "label": "Login",
            "template": "widget/form-login.html",
            "isVisible": true,
            "actions": [],
            "events": [
                {
                    "id": "674924856560001548357",
                    "name": "WidgetOnEnter",
                    "code": "AuthController.loginOnEnter(args.owner);"
                }
            ],
            "dataSource": {},
            "fields": [
                {
                    "id": "6749248569126099347",
                    "name": "odhen_kds_horizontal",
                    "label": "odhen_kds_horizontal",
                    "source": "images/odhen_kds_horizontal.png",
                    "class": 12,
                    "readOnly": false,
                    "isVisible": true,
                    "isVisibleForm": true,
                    "isVisibleGrid": false,
                    "newLine": false,
                    "sameLine": true,
                    "defaultValue": null,
                    "template": "field/image-static.html",
                    "events": []
                },
                {
                    "id": "6749248561615494931348",
                    "name": "space",
                    "label": "",
                    "class": 12,
                    "icon": "block icon-black",
                    "readOnly": true,
                    "isVisible": true,
                    "isVisibleForm": true,
                    "isVisibleGrid": false,
                    "newLine": false,
                    "defaultValue": null,
                    "template": "field/label-static.html",
                    "events": []
                },
                {
                    "id": "6749248561728930454349",
                    "name": "space",
                    "label": "",
                    "class": 12,
                    "icon": "block icon-black",
                    "readOnly": true,
                    "isVisible": true,
                    "isVisibleForm": true,
                    "isVisibleGrid": false,
                    "newLine": false,
                    "defaultValue": null,
                    "template": "field/label-static.html",
                    "events": []
                },
                {
                    "id": "6749248561586564988350",
                    "name": "lblEmpty",
                    "label": "",
                    "class": 12,
                    "icon": "block icon-black",
                    "readOnly": true,
                    "isVisible": true,
                    "isVisibleForm": true,
                    "isVisibleGrid": false,
                    "newLine": false,
                    "defaultValue": null,
                    "template": "field/label-static.html",
                    "events": []
                },
                {
                    "id": "6749248563957933674351",
                    "name": "lblEmpty",
                    "label": "",
                    "class": 12,
                    "icon": "block icon-black",
                    "readOnly": true,
                    "isVisible": true,
                    "isVisibleForm": true,
                    "isVisibleGrid": false,
                    "newLine": false,
                    "defaultValue": null,
                    "template": "field/label-static.html",
                    "events": []
                },
                {
                    "id": "6749248563534851518352",
                    "class": 12,
                    "name": "LABELFILIAL",
                    "label": "Filial",
                    "readOnly": true,
                    "sameLine": true,
                    "showOnForm": true,
                    "isVisible": true,
                    "valueField": "CDFILIAL",
                    "descriptionField": "LABELFILIAL",
                    "outData": {
                        "LABELFILIAL": "LABELFILIAL",
                        "NMFILIAL": "NMFILIAL",
                        "CDFILIAL": "CDFILIAL"
                    },
                    "template": "field/select.html",
                    "events": [],
                    "dataSource": {
                        "data": []
                    },
                    "validations": {
                        "required": {
                            "message": "Campo Obrigatório"
                        }
                    }
                },
                {
                    "id": "6749248561399278032353",
                    "class": 12,
                    "name": "SELECTCDSETOR",
                    "label": "Setor de Produção/Expedição",
                    "readOnly": false,
                    "sameLine": true,
                    "showOnForm": true,
                    "isVisible": true,
                    "valueField": "CDSETOR",
                    "descriptionField": "LABELSETOR",
                    "outData": {
                        "LABELSETOR": "SELECTCDSETOR",
                        "NMSETOR": "NMSETOR",
                        "CDSETOR": "CDSETOR",
                        "IDTIPOSETOR": "IDTIPOSETOR"
                    },
                    "template": "field/select.html",
                    "events": [],
                    "dataSourceFilter": [],
                    "dataSource": {
                        "data": []
                    },
                    "validations": {
                        "required": {
                            "message": "Campo Obrigatório"
                        }
                    }
                },
                {
                    "id": "674924856966257046354",
                    "name": "entrar",
                    "label": "Entrar",
                    "class": 12,
                    "readOnly": false,
                    "isVisible": true,
                    "isVisibleForm": true,
                    "isVisibleGrid": false,
                    "newLine": false,
                    "defaultValue": null,
                    "template": "field/button.html",
                    "events": [
                        {
                            "id": "6749248561285914843355",
                            "name": "FieldOnClick",
                            "code": "AuthController.loginButtonOnClick(args.owner.field.widget);"
                        }
                    ]
                },
                {
                    "id": "6749248561919385782356",
                    "class": 12,
                    "name": "version",
                    "label": "Versão 3.5.14 10/03/2020",
                    "isVisible": true,
                    "readOnly": true,
                    "defaultValue": null,
                    "template": "field/label-static.html",
                    "events": []
                }
            ],
            "widgets": []
        }
    ]
}