{
    "id": "1306499943527453352361",
    "name": "production",
    "label": "",
    "showFooter": false,
    "showHeader": true,
    "showMenu": true,
    "showBack": true,
    "showForm": true,
    "popup": "component/popup.html",
    "template": "container/window.html",
    "footer": "component/footer.html",
    "menuTemplate": "component/menu.html",
    "events": [],
    "widgets": [
        {
            "id": "19574551163916643531362",
            "name": "KDS",
            "label": "Kitchen Display System",
            "isVisible": true,
            "template": "../../../../templates/widget/kds.html",
            "imgSrc": "../../kds/mobile/images/",
            "kdsType": "production",
            "orderAction": "always",
            "hasSummary": true,
            "hasWaiting": false,
            "keyboardSelection": true,
            "itemSelection": false,
            "showOrderTimer": true,
            "showOrderConsumer": false,
            "orderNumberField": "orderCode",
            "orderKey": "orderKey",
            "orderOrigin": "ORIGEM",
            "orderLabelField": "label",
            "orderTableField": "NRMESA",
            "orderCommandNumberField": "DSCOMANDA",
            "orderOldTableField": "NRMESAOLD",
            "orderStatusField": "IDSITITPEDFOS",
            "orderProductionField": "DTHRINIPRODUCAO",
            "orderTimeField": "timer",
            "orderMaxTimeField": "NRTEMPOPROD",
            "orderProductionTime": "NRTEMPOEXIB",
            "colorsTimerField": "TEMPOCORES",
            "delayTime": "DELAYTIME",
            "waitingItems": [],
            "orderItemsField": "items",
            "orderItemQttyField": "QTPRODPEFOS",
            "orderItemDescField": "NMPRODUTO",
            "orderItemStatusField": "IDSITITPEDFOS",
            "orderItemSelectField": "PRODUCTED",
            "orderItemObsField": "TXPRODPED",
            "orderItemCompositionField": "composicao",
            "orderConsumerField": "NMCONSUMIDOR",
            "orderShowTime": "DTHREXIBICAOPROD",
            "orderCurrentTime": "NOW",
            "itemCanceledArray": "ARRAYLABELCANC",
            "itemCanceledLabel": "LABELCANC",
            "itemIntervalArray": "INTERVALS",
            "orderItemPositionField": "NRLUGARMESAIT",
            "orderItemPositionLabelField": "DSLUGARMESAIT",
            "orderCancelledStatus": "C",
            "itemNotStartedStatus": "E",
            "itemProductionStatus": "P",
            "itemDoneStatus": "F",
            "itemCancelledStatus": "C",
            "observationJoinChar": "|",
            "actions": [],
            "events": [
                {
                    "id": "19574551163553019514370",
                    "name": "WidgetOnEnter",
                    "code": "DisplayController.kdsOnEnter(args.owner, 'production');"
                },
                {
                    "id": "19574551161051814233371",
                    "name": "KDSOrderClick",
                    "code": "OrderActionService.orderOnClick(args.owner);"
                },
                {
                    "id": "19574551162462178159373",
                    "name": "KDSOrderSelect",
                    "code": "DisplayController.orderSelect(args.owner);"
                },
                {
                    "id": "19574551163470005196374",
                    "name": "WidgetAfterUnselectRow",
                    "code": "DisplayController.orderUnselect(args.owner);"
                }
            ],
            "fields": [],
            "widgets": []
        }
    ]
}