{
  "name": "Zeedhi FrontEnd",
  "version": "1.68.0",
  "description": "Zeedhi dependencies",
  "license": "MIT",
  "ignore": [
    "**/*",
    "!assets/css/**/*",
    "!assets/dist/**/*",
    "!assets/fonts/**/*",
    "!assets/images/**/*",
    "!assets/json/**/*",
    "!templates/**/*"
  ],
  "_release": "1.68.0",
  "_resolution": {
    "type": "version",
    "tag": "v1.68.0",
    "commit": "df6f2dfd616efa9d45ad0e5a77aed5444810c8ff"
  },
  "_source": "git@192.168.122.56:zeedhi/frontend-framework-bower.git",
  "_target": "^1.48",
  "_originalSource": "zeedhi-frontend"
}