{
    "zeedhi_project": {
        "notifications" : [],
        "id":"56",
        "name": "TAA",
        "label": "TAA",
        "showSearch": true,
        "componentMessages": "component/messages.html",
        "showHistoryLastItems": false,
        "showHistoryMenu": false,
        "mainWindow": "login",
        "logLevel" : "DEBUG",
        "errorReporting": false,
        "usePostData": false,
        "groupMenu" : [
        	{
                "id": "1",
                "devOpsId": "1935",
                "label" : "PAINEL DE CONTROLE",
                "name" : "control",
                "isVisible" : true,
                "menus" : [
                	{
                        "id": "2",
                        "devOpsId": "1935",
                		"label" : "Dashboard",
                        "windowName" : "dashboard",
                        "icon" : "home icon-white",
                        "isVisible": true
                	},
                    {
                        "id": "3",
                        "devOpsId": "1935",
                        "label" : "Bloqueio de Produtos",
                        "windowName" : "blockedProducts",
                        "icon" : "block icon-white",
                        "isVisible": true
                    },
                    {
                        "id": "3",
                        "devOpsId": "1935",
                        "label" : "Cancelamento Crédito Pessoal",
                        "windowName" : "cancelRechargeCredit",
                        "icon" : "money-charge icon-white",
                        "isVisible": false
                    },
                    {
                        "id": "4",
                        "devOpsId": "1935",
                        "label" : "Cancelamento de Venda",
                        "windowName" : "cancelSale",
                        "icon" : "money-sign icon-white",
                        "isVisible": true
                    },
                    {
                        "id": "4",
                        "devOpsId": "1935",
                        "label" : "Cancelamento de TEF",
                        "windowName" : "cancelTEF",
                        "icon" : "bag-of-money icon-white",
                        "isVisible": true
                    },
                    {
                        "id": "5",
                        "devOpsId": "1935",
                        "label" : "Logout",
                        "windowName" : "logout",
                        "icon" : "logoff icon-white",
                        "isVisible": true
                    }
                ]
            }
        ]
    }
}
