{
    "zeedhi_project": {
        "name": "KDS",
        "label": "KDS",
        "showMenu": true,
        "showHeader": true,
        "showHistoryLastItems": false,
        "showHistoryMenu": false,
        "historyMenuGroup": "kdsOptions",
        "componentMessages": "component/messages.html",
        "footer": "component/footer-edit-wizard.html",
        "shouldBackToMainWindowOnReload": true,
        "mainWindow": "initialParameters",
        "logLevel": "DEBUG",
        "aclEnable": false,
        "errorReporting": false,
        "reportServiceUrl": "http://localhost/reportwebservice/services/index.php",
        "reportsPath": "http://localhost/reportwebservice/reports/",
        "groupMenu": [
            {
                "id": "2016976299583082377322",
                "name": "kdsOptions",
                "label": "Opções do KDS",
                "isVisible": true,
                "menus": [
                    {
                        "id": "2016976299148606275323",
                        "label": "Resumo de Produção",
                        "icon": "list",
                        "isVisible": true,
                        "events": [
                            {
                                "id": "20169762993110939335324",
                                "name": "MenuOnClick",
                                "code": "ResumePanelController.toggleResumePanel();"
                            }
                        ]
                    },
                    {
                        "id": "20169762993743028362325",
                        "label": "Painel de pedidos em espera (segura)",
                        "icon": "list",
                        "isVisible": false,
                        "events": [
                            {
                                "id": "20169762992703921038326",
                                "name": "MenuOnClick",
                                "code": "DisplayController.toggleWaitingProducts();"
                            }
                        ]
                    },
                    {
                        "id": "20169762993303311786327",
                        "label": "Limpar pedidos",
                        "icon": "close-x",
                        "isVisible": true,
                        "events": [
                            {
                                "id": "20169762992459457361328",
                                "name": "MenuOnClick",
                                "code": "DisplayController.clearRequestsScreen();"
                            }
                        ]
                    },
                    {
                        "id": "20169762993303311786327",
                        "label": "Congelar pedidos",
                        "icon": "clock",
                        "isVisible": true,
                        "events": [
                            {
                                "id": "20169762992459457361328",
                                "name": "MenuOnClick",
                                "code": "DisplayController.freezeUpdates();"
                            }
                        ]
                    },
                    {
                        "id": "20169762991024373606329",
                        "label": "Sair",
                        "icon": "logoff icon-white",
                        "isVisible": true,
                        "events": [
                            {
                                "id": "20169762992459457361328",
                                "name": "MenuOnClick",
                                "code": "AuthController.logoff();"
                            }
                        ]
                    }
                ]
            }
        ]
    }
}