{
    "default": {
        "isVideo": false,
        "showQrcode": false,
        "showIdentification": false,
        "timeoutMinutes": 0.1,
        "showLangButtons": true,
        "finalMessage": "Apresente seu cupom no caixa quando sua senha for chamada.",
        "showProductsOnGrid": true,
        "cart": {},
        "showCart": true,
        "images": {
            "intro": "./images/default/taa-default.jpg",
            "header": "./images/default/topo.jpg",
            "doOrder": "./images/default/do_order.png",
            "qrCode": "./images/default/qrcode.png",
            "recharge": "./images/default/recharge.png",
            "creditCard": "./images/default/card_default.png",
            "debitCard": "./images/default/card_default.png",
            "consumerCard": "./images/default/card_default.png",
            "defaultCard": "./images/default/card_default.png",
            "getCoupon": "./images/default/get_coupon.mp4",
            "promoHeader": "./images/default/suggestion-header.jpg"
        }
    },
    "habibs": {
        "showCart": false,
        "images": {
            "intro": [
                "./images/habibs/home/1.jpg",
                "./images/habibs/home/2.jpg",
                "./images/habibs/home/3.jpg"
            ],
            "header": [
                "./images/habibs/header/1.jpg",
                "./images/habibs/header/2.jpg"
            ],
            "debitCard": "./images/habibs/cards/debit.png",
            "creditCard": "./images/habibs/cards/credit.png"
        },
        "cart": {}
    },
    "jeronimo": {
        "isVideo": false,
        "images": {
            "intro": "./images/jeronimo/logo.jpg",
            "header": "./images/jeronimo/header.png"
        },
        "cart": {},
        "showProductsOnGrid": true
    },
    "grsa": {
        "showQrcode": true,
        "isVideo": false,
        "showProductsOnGrid": true,
        "showLangButtons": true,
        "showIdentification": true,
        "cart": {},
        "images": {
            "intro": "./images/grsa/intro.jpg",
            "header": "./images/grsa/topo.jpg"
        }
    },
    "sapore": {
        "cart": {},
        "showProductsOnGrid": true,
        "images": {
            "intro": "./images/sapore/mio.png",
            "header": "./images/sapore/header.png",
            "consumerCard": "./images/sapore/card_consumer.png"
        }
    },
    "sapore-comanda": {
        "billetRead": true,
        "images": {
            "intro": "./images/sapore/mio.png",
            "header": "./images/sapore/header.png",
            "consumerCard": "./images/sapore/card_consumer.png"
        }
    },
    "giraffas": {
        "isVideo": false,
        "showQrcode": false,
        "showIdentification": false,
        "timeoutMinutes": 10,
        "showLangButtons": true,
        "finalMessage": "Apresente seu cupom no caixa quando sua senha for chamada.",
        "showProductsOnGrid": true,
        "cart": {},
        "showCart": true,
        "images": {
            "intro": "./images/giraffas/taa-giraffas.jpg",
            "header": "./images/giraffas/topo.jpg",
            "doOrder": "./images/giraffas/do_order.png",
            "qrCode": "./images/giraffas/qrcode.png",
            "recharge": "./images/giraffas/recharge.png",
            "creditCard": "./images/giraffas/card_giraffas.png",
            "debitCard": "./images/giraffas/card_giraffas.png",
            "consumerCard": "./images/giraffas/card_giraffas.png",
            "defaultCard": "./images/giraffas/imgdefault.png",
            "getCoupon": "./images/giraffas/get_coupon.mp4",
            "promoHeader": "./images/giraffas/suggestion-header.jpg"
        }
    }
}