{
    "Continuar Comprando": "Keep Buying",
    "Proximo": "Next",
    "Carrinho Vazio": "Empty cart",
    "Sim": "Yes",
    "Atualizar": "Update",
    "Atualizar Combo": "Update Combo",
    "No": "No",
    "Finalizar Pedido": "Checkout Now",
    "Seu pedido": "Your order",
    "Cancelar Pedido": "Cancel order",
    "Gostaria de adicionar algo?": "Would you like to add something?",
    "Alterar": "Change",
    "PAGAMENTO": "Payment",
    "Sua senha é": "Your password is",
    "Apresente seu cupom no caixa quando sua senha for chamada.": "Show your ticket to the cashier",
    "Forma de Pagamento": "Payment Method",
    "Tem certeza que deseja cancelar a compra?": "Do you want to cancel your order?",
    "Cancelar": "Cancel",
    "A transação foi cancelada, deseja cancelar a compra?": "The transaction was cancelled, do you want to cancel your order?",
    "Ler QR Code": "Read QR Code",
    "Toque para abrir o cardápio": "Tap to open menu",
    "Toque para se identificar": "Tap to identify yourself",
    "Voltar": "Back",
    "Seu combo": "Your combo",
    "Cancelar combo": "Cancel combo",
    "Deseja cancelar o combo?": "Do you want to cancel the combo?",
    "Tem certeza que deseja cancelar a compra? <p>(Todos os itens serão perdidos)<\/p>": "Do you want to cancel your order? <p>(All items will be lost)<\/p>",
    "Confirmar": "Confirm",
    "Adicionar": "Add",
    "Não informar": "Don't inform",
    "Não, obrigado": "No, thanks",
    "Informe seu CPF": "Inform your CPF",
    "Informe seu CNPJ": "Inform your CNPJ",
    "Realizando venda...": "Finishing sale.",
    "Deseja adicionar esse produto?": "Do you want to add this product?",
    "Aproxime o QR CODE ao leitor...": "Approach the QR Code to the reader.",
    "Digite a sua senha": "Type your password",
    "Registre sua nova senha": "Register your new password",
    "Confirma o cancelamento da recarga?": "Confirm the recharge cancel?",
    "Digite um cpf válido para finalizar a compra.": "Please enter a valid CPF to complete the sale.",
    "Digite um cnpj válido para finalizar a compra.": "Please enter a valid CPNJ to complete the sale.",
    "Selecione o tipo de documento a ser digitado.": "Select the type of document.",
    "Por gentileza, informar a senha.": "Please enter the password.",
    "Erro ao cadastrar nova senha.": "Error registering new password.",
    "Gentileza informar o código.":"Please inform the code.",
    "Gentileza informar o valor da recarga.":"Please inform the value of the recharge.",
    "CPF inválido.": "Invalid CPF.",
    "CNPJ inválido.":"Invalid CNPJ.",
    "QR Code inválido.": "Invalid QR Code.",
    "Validando informações.":"Validating information.",
    "QRCode pertence a outra filial.": "QR Code belongs to another unit.",
    "Carregando dados do leitor...":"Loading reader data...",
    "Siga as instruções do leitor.":"Follow the reader's instructions.",
    "Recarga concluída com sucesso.":"Recharge completed successfully.",
    "Gostaria de cancelar a recarga?":"Would you like to cancel the recharge?",
    "Senha cadastrada com sucesso. Gentileza informar os dados novamente.":"Password successfully registered. Please inform the data again.",
    "Cartão sem senha cadastrada. Cadastre a nova senha.":"Card without password. Register the new password.",
    "Quantidade de produtos para o grupo excedida.":"Number of products for the group exceeded.",
    "Verificando status da integração Cappta...":"Checking integration status Cappta...",
    "Escolha as observações":"Choose toppings",
    "Detalhes do Pedido": "Order Detail",
    "Detalhe do Item": "Item detail",
    "Finalizar Combo": "Finish Combo",
    "Total da recarga": "Total recharge",
    "Escolha uma opção": "Choose an option",
    "O que você prefere?": "What do you prefer?",
    "Comanda já adicionada": "Billet already read",
    "Adicionar comanda": "Add billet",
    "Gostaria de remover a comanda?": "Would you like to remove the billet?",
    "Aproxime a comanda da leitora" : "Approach the command of payment to the reader",
    "Comanda não encontrada" : "Command of payment not founded",
    "Escolha a opção de pagamento:" : "Choose the payment method:"
}
    