{
    "Continuar Comprando": "Sigue Comprando",
    "Carrinho Vazio": "Carrito vacío",
    "Sim": "Si",
    "Atualizar": "Actualizar",
    "Atualizar Combo": "Actualizar Combo",
    "No": "No",
    "Finalizar Pedido": "Finalizar Pedido",
    "Seu pedido": "Su pedido",
    "Cancelar Pedido": "Cancelar Pedido",
    "Gostaria de adicionar algo?": "¿Le gustaría añadir algo?",
    "Alterar": "Cambio",
    "PAGAMENTO": "PAGO",
    "Sua senha é": "Su clave es",
    "Apresente seu cupom no caixa quando sua senha for chamada.": "Presente su ticket en caja cuando toque su turno.",
    "Forma de Pagamento": "Forma de Pago",
    "Tem certeza que deseja cancelar a compra?": "¿Está seguro que desea anular la compra?",
    "Cancelar": "Anular",
    "A transação foi cancelada, deseja cancelar a compra?": "La transacción fue anulada, ¿desea anular la compra?",
    "Ler QR Code": "Leer Código QR",
    "Toque para abrir o cardápio": "Toca para abrir el menú",
    "Toque para se identificar": "Toca para identificarte",
    "Voltar": "Volver",
    "Seu combo": "Seu combo",
    "Cancelar combo": "Anular combo",
    "Deseja cancelar o combo?": "¿Desea anular el combo?",
    "Tem certeza que deseja cancelar a compra? <p>(Todos os itens serão perdidos)<\/p>": "¿Está seguro que desea anular la compra? <p>(Se perderón todos los ítems)<\/p>",
    "Confirmar": "Confirmar",
    "Adicionar": "Añadir",
    "Não informar": "No informar",
    "Não, obrigado": "No, gracias",
    "Informe seu CPF": "Informe su CPF",
    "Informe seu CNPJ": "Informe su CNPJ",
    "Realizando venda...": "Finalizando venta...",
    "Deseja adicionar esse produto?": "¿Desea añadir ese producto?",
    "Aproxime o QR CODE ao leitor...": "Aproxime el código QR al lector...",
    "Digite a sua senha": "Digite su clave",
    "Registre sua nova senha": "Registre su nueva clave",
    "Confirma o cancelamento da recarga?": "¿Confirma anulación de la recarga?",
    "Digite um cpf válido para finalizar a compra.": "Digite una inscripción de persona física válido para finalizar la compra.",
    "Digite um cnpj válido para finalizar a compra.": "Digite una inscripción jurídica valida para finalizar la compra.",
    "Selecione o tipo de documento a ser digitado.": "Seleccione el tipo de documento a ser digitado.",
    "Por gentileza, informar a senha.": "Por favor informe la contraseña.",
    "Erro ao cadastrar nova senha.": "Error en el registro de la nueva contraseña.",
    "Gentileza informar o código.": "Por favor informe el código",
    "Gentileza informar o valor da recarga.": "Por favor informe el valor de la recarga.",
    "CPF inválido.": "Inscripción de persona física inválido.",
    "CNPJ inválido.": "Inscripción jurídica inválido.",
    "QR Code inválido.": "QR Code inválido.",
    "Validando informações.": "Validando las informaciones.",
    "QRCode pertence a outra filial.": "QR Code pertenece a otro site.",
    "Carregando dados do leitor...": "Cargando los datos del lector...",
    "Siga as instruções do leitor.": "Siga las instruccines del lector.",
    "Recarga concluída com sucesso.": "Recarga realizada con éxito.",
    "Gostaria de cancelar a recarga?": "¿Desea cancelar la recarga?",
    "Senha cadastrada com sucesso. Gentileza informar os dados novamente.": "Contraseña registrada con éxito. Por favor informe los datos nuevamente.",
    "Cartão sem senha cadastrada. Cadastre a nova senha.": "Tarjeta sin contraseña registrada. Registre una nueva contraseña.",
    "Quantidade de produtos para o grupo excedida.": "Cantidad de produtos para el grupo excedida.",
    "Verificando status da integração Cappta...": "Verificando status de la integração Cappta...",
    "Escolha as observações": "Elige los comentarios",
    "Detalhes do Pedido": "Detalhe del Pedido",
    "Detalhe do Item": "Detalle del artículo",
    "Finalizar Combo": "Finalizar Combo",
    "Total da recarga": "Recarga Total",
    "Escolha uma opção": "Elija una opción",
    "O que você prefere?": "¿Qué prefieres?",
    "Comanda já adicionada": "Comando ya leído",
    "Adicionar comanda": "Añadir comando",
    "Gostaria de remover a comanda?": "¿Desea eliminar el comando?",
    "Aproxime a comanda da leitora" : "Acérquese al comando de pago al lector",
    "Comanda não encontrada" : "Comando de pago no encontrado",
    "Escolha a opção de pagamento:" : "Elija la opción de pago:"
}


