{
    "Continuar Comprando": "Continuar Comprando",
    "Carrinho Vazio": "Carrinho Vazio",
    "Yes": "Sim",
    "Atualizar": "Atualizar",
    "Atualizar Combo": "Atualizar Combo",
    "No": "Não",
    "Finalizar Pedido": "Finalizar Pedido",
    "Seu pedido": "Seu pedido",
    "Cancelar Pedido": "Cancelar Pedido",
    "Gostaria de adicionar algo?": "Gostaria de adicionar algo?",
    "Alterar": "Alterar",
    "PAGAMENTO": "PAGAMENTO",
    "Sua senha é": "Sua senha é",
    "Apresente seu cupom no caixa quando sua senha for chamada.": "Apresente seu cupom no caixa quando sua senha for chamada.",
    "Forma de Pagamento": "Forma de Pagamento",
    "Tem certeza que deseja cancelar a compra?": "Tem certeza que deseja cancelar a compra?",
    "Cancelar": "Cancelar",
    "A transação foi cancelada, deseja cancelar a compra?": "A transação foi cancelada, deseja cancelar a compra?",
    "Ler QR Code": "Ler QR Code",
    "Toque para abrir o cardápio": "Toque para abrir o cardápio",
    "Recarga/Saldo": "Recarga/Saldo",
    "Voltar": "Voltar",
    "Seu combo": "Seu combo",
    "Cancelar combo": "Cancelar combo",
    "Deseja cancelar o combo?": "Deseja cancelar o combo?",
    "Tem certeza que deseja cancelar a compra? <p>(Todos os itens serão perdidos)<\/p>": "Tem certeza que deseja cancelar a compra? <p>(Todos os itens serão perdidos)<\/p>",
    "Confirmar": "Confirmar",
    "Adicionar": "Adicionar",
    "Não informar": "Não informar",
    "Não, obrigado": "Não, obrigado",
    "Informe seu CPF": "Informe seu CPF",
    "Informe seu CNPJ": "Informe seu CNPJ",
    "Realizando venda...": "Realizando venda...",
    "Deseja adicionar esse produto?": "Deseja adicionar esse produto?",
    "Aproxime o QR CODE ao leitor...": "Aproxime o QR CODE ao leitor...",
    "Digite a sua senha": "Digite a sua senha",
    "Registre sua nova senha": "Registre sua nova senha",
    "Confirma o cancelamento da recarga?": "Confirma o cancelamento da recarga?",
    "Digite um cpf válido para finalizar a compra.": "Digite um cpf válido para finalizar a compra.",
    "Digite um cnpj válido para finalizar a compra.": "Digite um cnpj válido para finalizar a compra.",
    "Selecione o tipo de documento a ser digitado.": "Selecione o tipo de documento a ser digitado.",
    "Por gentileza, informar a senha.": "Por gentileza, informar a senha.",
    "Erro ao cadastrar nova senha.": "Erro ao cadastrar nova senha.",
    "Gentileza informar o código.": "Gentileza informar o código.",
    "Gentileza informar o valor da recarga.": "Gentileza informar o valor da recarga.",
    "CPF inválido.": "CPF inválido.",
    "CNPJ inválido.": "CNPJ inválido.",
    "QR Code inválido.": "QR Code inválido.",
    "Validando informações.": "Validando informações.",
    "QRCode pertence a outra filial.": "QRCode pertence a outra filial.",
    "Carregando dados do leitor...": "Carregando dados do leitor...",
    "Siga as instruções do leitor.": "Siga as instruções do leitor.",
    "Recarga concluída com sucesso.": "Recarga concluída com sucesso.",
    "Gostaria de cancelar a recarga?": "Gostaria de cancelar a recarga?",
    "Senha cadastrada com sucesso. Gentileza informar os dados novamente.": "Senha cadastrada com sucesso. Gentileza informar os dados novamente.",
    "Cartão sem senha cadastrada. Cadastre a nova senha.": "Cartão sem senha cadastrada. Cadastre a nova senha.",
    "Quantidade de produtos para o grupo excedida.": "Quantidade de produtos para o grupo excedida.",
    "Verificando status da integração Cappta...": "Verificando status da integração Cappta...",
    "Escolha as observações": "Escolha as observações",
    "Detalhes do Pedido": "Detalhes do Pedido",
    "Detalhe do Item": "Detalhe do Item",
    "Finalizar Combo": "Finalizar Combo",
    "Total da recarga": "Total da recarga",
    "Escolha uma opção": "Escolha uma opção",
    "O que você prefere?": "O que você prefere?",
    "Comanda já adicionada": "Comanda já adicionada",
    "Adicionar comanda": "Adicionar comanda",
    "Gostaria de remover a comanda?": "Gostaria de remover a comanda?",
    "Aproxime a comanda da leitora" : "Aproxime a comanda da leitora",
    "Comanda não encontrada" : "Comanda não encontrada",
    "Escolha a opção de pagamento:" : "Escolha a opção de pagamento:"
}