﻿<?xml version="1.0" ?>
<container xmlns="http://symfony.com/schema/dic/services"
           xmlns:xsi="http://www.w3.org/2001/XMLSchema-instance"
           xsi:schemaLocation="http://symfony.com/schema/dic/services http://symfony.com/schema/dic/services/services-1.0.xsd">
    <parameters>
        <!-- DATABASE CONNECTION -->
        <parameter key="connection_params" type="collection">
            <parameter key="driver">sqlsrv</parameter>
            <parameter key="user">teknisa</parameter>
            <parameter key="password">teknisa</parameter>
            <parameter key="host">localhost</parameter>
			<parameter key="dbname">madero_dumont</parameter>
            <parameter key="charset">UTF-8</parameter>
        </parameter>

        <parameter key="wsport">8089</parameter>
        <parameter key="comboAlias" >COMBO</parameter>
        <parameter key="endPointPushNotification">https://madero-api.azurewebsites.net/api/Restaurante/Notificacao/Pedido</parameter>
        <parameter key="endPointPagerNotification">http://localhost:3000/pager/</parameter>
        <!-- true or false-->
        <parameter key="useCallByName">true</parameter>
        <parameter key="endPointVoiceNotification">http://localhost:3000/apivoz/</parameter>

    </parameters>

</container>
