[
    {
      "uri": "/branch/get",
      "controller": "\\Controller\\Branch",
      "controllerMethod": "getBranch",
      "methods": ["POST"],
      "requestType": "DataSet"
    },
    {
      "uri": "/sector/get",
      "controller": "\\Controller\\Sector",
      "controllerMethod": "getSectors",
      "methods": ["POST"],
      "requestType": "DataSet"
    },
  	{
      "uri": "/register/getControlParameters",
      "controller": "\\Controller\\Register",
      "controllerMethod": "getControlParameters",
      "methods": ["POST"],
      "requestType": "Row"
  	},
    {
      "uri": "/colors/get",
      "controller": "\\Controller\\KDSManager",
      "controllerMethod": "getColors",
      "methods": ["POST"]
    },
    {
        "uri": "/RequestsRepo",
        "controller": "\\Controller\\KDSManager",
        "controllerMethod": "getRequests",
        "methods": [
            "POST"
        ]
    },
    {
        "uri": "/ConcludeExpeditionRepo",
        "controller": "\\Controller\\KDSManager",
        "controllerMethod": "concludeExpedition",
        "methods": [
            "POST"
        ]
    },
	{
        "uri": "/PlayRequestRepo",
        "controller": "\\Controller\\KDSManager",
        "controllerMethod": "playRequest",
        "methods": [
            "POST"
        ]
	},
	{
        "uri": "/ConcludeRequestRepo",
        "controller": "\\Controller\\KDSManager",
        "controllerMethod": "concludeRequest",
        "methods": [
            "POST"
        ]
	},
	{
        "uri": "/ClearRequestsScreenRepo",
        "controller": "\\Controller\\KDSManager",
        "controllerMethod": "clearRequestsScreen",
        "methods": [
            "POST"
        ]
	},
  {
      "uri": "/notification/client",
      "controller": "\\Controller\\Notification",
      "controllerMethod": "notifyClient",
      "methods": [
          "POST"
      ],
      "requestType": "Row"
  },
  {
      "uri": "/KDSOrder/insert",
      "controller": "\\Controller\\KDSManager",
      "controllerMethod": "generateITPEDIDOFOS",
      "methods": [
          "POST"
      ]
  },
  {
    "uri": "/order/insert",
    "controller": "\\Controller\\KDSManager",
    "controllerMethod": "generateDumbITPEDIDOFOS",
    "methods": [
        "POST"
    ]
  },
  {
    "uri": "/getFixedSummaryItems",
    "controller": "\\Controller\\Production",
    "controllerMethod": "getFixedSummaryItems",
    "methods": [
        "POST"
    ]
  }
]