<?xml version="1.0"?>
<container xmlns="http://symfony.com/schema/dic/services"
           xmlns:xsi="http://www.w3.org/2001/XMLSchema-instance"
           xsi:schemaLocation="http://symfony.com/schema/dic/services http://symfony.com/schema/dic/services/services-1.0.xsd">
    <parameters>
        <parameter key="baseUri">/backend/service/index.php</parameter>
        <parameter key="route_file_name">../routes.json</parameter>
		<parameter key="is_dev_mode">true</parameter>
        <parameter key="dcm_path" type="collection">
            <parameter>../src/Model/dcm</parameter>
        </parameter>

        <!-- BACKEND VERSION -->
		<parameter key="backVersion">1.0.0</parameter>


    </parameters>

    <services>

	    <!-- SERVICES -->
	    <service id="eventManager" class="%eventManager.class%"/>

    	<service id="\Service\KDSManager" class="\Service\KDSManager">
    		<argument type="service" id="entityManager" />
            <argument type="service" id="\Service\Notification" />
            <argument type="service" id="\Service\Statistics" />
    	</service>

    	<service id="\Service\WebSocketService" class="\Service\WebSocketService">
    		<argument type="service" id="entityManager" />
    		<argument type="service" id="\Util\Util"/>
    	</service>


        <service id="\Service\CheckForUpdate" class="\Service\CheckForUpdate" parent="bridge">
            <argument type="service" id="\Controller\KDSManager"/>
            <argument type="service" id="\Controller\KDSTransfer"/>
            <argument type="service" id="entityManager"/>
            <argument type="service" id="instanceManager"/>
            <argument type="service" id="connection"/>
            <argument type="service" id="\Util\Util"/>
            <argument type="service" id="\Util\Query"/>
            <argument type="service" id="\Service\WebSocketUpdateHandler"/>
            <argument type="service" id="\Service\MessageService"/>
            <argument type="service" id="\Util\OrderStash"/>
            <argument>%wsport%</argument>
        </service>

        <service id="\Service\MessageService" class="\Service\MessageService">
            <argument type="service" id="entityManager"/>
            <argument type="service" id="\Util\Util" />
            <argument>%wsport%</argument>
        </service>

        <service id="\Service\Statistics" class="\Service\Statistics">
        	<argument type="service" id="entityManager"/>
        	<argument type="service" id="\Util\Util"/>
            <argument type="service" id="\Util\Query"/>
        </service>

    	<service id="\Service\WebSocketUpdateHandler" class="\Service\WebSocketUpdateHandler">
    		<argument type="service" id="entityManager" />
    		<argument type="service" id="\Service\KDSManager" />
            <argument type="service" id="\Controller\KDSManager"/>
            <argument type="service" id="\Service\OrdersEngine" />
            <argument type="service" id="\Service\Statistics" />
            <argument type="service" id="\Service\MessageService" />
            <argument type="service" id="\Service\KDSTransfer" />
            <argument type="service" id="\Util\OrderStash"/>
        </service>

        <service id="\Service\WebSocket" class="\Service\WebSocket" parent="bridge">
            <argument type="service" id="\Service\CheckForUpdate"/>
            <argument type="service" id="\Service\WebSocketService"/>
        </service>

        <service id="\Service\KDSTransfer" class="\Service\KDSTransfer">
        	<argument type="service" id="entityManager"/>
        	<argument type="service" id="\Util\Util"/>
        </service>

        <service id="\Service\Branch" class="\Service\Branch">
            <argument type="service" id="entityManager"/>
        </service>

        <service id="\Service\Sector" class="\Service\Sector">
            <argument type="service" id="entityManager"/>
        </service>

        <service id="\Service\Register" class="\Service\Register">
            <argument type="service" id="entityManager"/>
        </service>

        <service id="\Service\Notification" class="\Service\Notification">
            <argument type="service" id="entityManager" />
            <argument type="service" id="\Util\Util"/>
            <argument>%endPointPushNotification%</argument>
            <argument>%endPointPagerNotification%</argument>
            <argument>%endPointVoiceNotification%</argument>
            <argument>%useCallByName%</argument>
        </service>

        <service id="\Service\OrdersEngine" class="\Service\OrdersEngine">
            <argument type="service" id="entityManager" />
            <argument type="service" id="\Util\Util"/>
        </service>

	    <!-- CONTROLLERS -->
        <service id="\Controller\Register" class="\Controller\Register">
            <argument type="service" id="\Service\Register" />
            <argument type="service" id="\Service\Branch" />
            <argument type="service" id="\Service\Sector" />
            <argument type="service" id="\Service\KDSManager" />
            <argument type="service" id="\Util\KDSMessage"/>
            <argument type="service" id="\Util\Util"/>
        </service>

        <service id="\Controller\Sector" class="\Controller\Sector">
            <argument type="service" id="\Service\Sector" />
        </service>

        <service id="\Controller\Branch" class="\Controller\Branch">
            <argument type="service" id="\Service\Branch" />
        </service>

	    <service id="\Controller\Production" class="\Controller\Production">
	    	<argument type="service" id="\Util\KDSMessage" />
	    	<argument type="service" id="\Util\Util" />
	    	<argument type="service" id="\Service\KDSManager" />
	    	<argument type="service" id="entityManager" />
	    </service>

	    <service id="\Controller\KDSManager" class="\Controller\KDSManager">
	    	<argument type="service" id="\Util\KDSMessage" />
	    	<argument type="service" id="\Util\Util" />
	    	<argument type="service" id="\Service\KDSManager" />
	    	<argument type="service" id="entityManager" />
	    	<argument type="service" id="\Controller\Production" />
	    </service>

	    <service id="\Controller\KDSTransfer" class="\Controller\KDSTransfer">
	    	<argument type="service" id="\Util\Util" />
	    	<argument type="service" id="\Service\KDSTransfer" />
	    </service>

        <service id="\Controller\Notification" class="\Controller\Notification">
            <argument type="service" id="\Service\Notification" />
        </service>

        <!-- UTILITIES -->
        <service id="\Util\Util" class="\Util\Util">
            <argument type="service" id="instanceManager" />
            <argument type="service" id="\Util\KDSMessage"/>
            <argument type="service" id="entityManager" />
        </service>
        <service id="\Util\KDSMessage" class="\Util\KDSMessage" />
        <service id="\Util\OrderStash" class="\Util\OrderStash" />
        <service id="\Util\Query" class="\Util\Query" />

        <service id="bridge" class="Zeedhi\Framework\Socket\Server\Bridge" abstract="true">
            <argument type="service" id="connectionManager"/>
            <argument type="service" id="eventDispatcher"/>
            <argument type="service" id="logger"/>
        </service>

        <!-- WEB SOCKET -->
        <service id="socketServerFactory" class="Zeedhi\Framework\Socket\Server\Factory">
            <argument type="service" id="\Service\WebSocket"/>
            <argument>%wsport%</argument>
        </service>

        <service id="logger" class="Zeedhi\Framework\Log\Console" />

        <service id="eventDispatcher" class="Symfony\Component\EventDispatcher\EventDispatcher"/>

        <service id="clientProviderImpl" class="Zeedhi\Framework\Socket\Server\Client\ClientProviderImpl"/>

        <service id="connectionManager" class="Zeedhi\Framework\Socket\Server\Connection\ConnectionManager">
            <argument type="service" id="clientProviderImpl"/>
        </service>

	</services>

</container>