{
    "name": "blank",
    "label": "Blank",
    "showHeader": true,
    "showMenu": true,
    "showBack": false,
    "showFooter": false,
    "footer": "component/footer.html",
    "template": "container/window.html",
    "popup": "component/popup.html",
    "events": [],
    "widgets": [
    	{
			"name": "emptyWidget",
			"label": "Empty Widget",
			"template": "widget/form.html",
			"isVisible": false,
			"events": [],
			"actions": [],
			"dataSource": {},
			"fields": [
				{
					"name": "Empty",
					"label": "Empty",
					"showOnForm": true,
					"isVisible": false,
					"readOnly": true,
					"template": "field/text-edit.html",
					"events": [],
					"class": 4
				}
			]
		}
    ]
}