{
	"name": "blockedProducts",
	"label": "Bloquear Produtos",
	"showHeader": true,
	"showMenu": true,
	"showBack": false,
	"showFooter": true,
	"footer": "component/footer.html",
	"template": "container/window.html",
	"popup": "component/popup.html",
	"events": [],
	"widgets": [
		{
			"name": "products",
			"label": "Produtos",
			"isVisible": true,
			"template": "widget/grid.html",
			"dataSource": {},
			"showDescriptionOrder": false,
			"events": [
				{
					"name": "WidgetOnEnter",
					"code": "BlockedProductsController.loadMenuProducts(templateManager.container.getWidget('products')); BlockedProductsController.loadMenuPromoGroups(templateManager.container.getWidget('products').dataSource.data, templateManager.container.getWidget('blockedPromoGroups'))"
				},
				{
					"name": "WidgetAfterMoveRow",
					"code": "BlockedProductsController.handleBlockProduct(args.row, templateManager.container.getWidget('products').dataSource); "
				}
			],
			"actions": [
				{
					"label": "Voltar",
					"isVisible": true,
					"showOnForm": true,
					"showOnList": true,
					"showAsAction": "back",
					"events": [
						{
							"name": "ActionEvent",
							"code": "ScreenService.openWindow('dashboard');"
						}
					]
				}
			],
			"fields": [
				{
					"id": "90155107440154482151116",
					"name": "LABELGRUPO",
					"label": "Grupo",
					"showOnList": true,
					"showOnForm": true,
					"readOnly": false,
					"template": "field/text-edit.html",
					"grouped": true,
					"filterProperties": {
						"showOnForm": false,
						"isVisible": true
					}
				},

				{
					"id": "90155107440154482151116",
					"name": "CDPRODUTO",
					"label": "Código Produto",
					"showOnList": true,
					"showOnForm": true,
					"readOnly": false,
					"template": "field/text-edit.html",
					"filterProperties": {
						"showOnForm": false,
						"isVisible": true
					}
				},
				{
					"id": "349167392359198717996",
					"name": "NMPRODUTO",
					"label": "Nome",
					"showOnList": true,
					"showOnForm": true,
					"readOnly": false,
					"template": "field/text-edit.html",
					"filterProperties": {
						"showOnForm": false,
						"isVisible": true
					}
				},
				{
					"id": "349167392359198717997",
					"name": "IDPRODBLOCK",
					"label": "Status",
					"showOnList": true,
					"showOnForm": true,
					"template": "field/text-edit.html",
					"filterProperties":{
						"showOnForm": false,
						"isVisible": true
					}

				},
				{
					"id": "9015510742570926261119",
					"name": "VRPRECITEM",
					"label": "Preço",
					"template": "field/text-edit.html",
					"showOnList": true,
					"showOnForm": false,
					"showOnView": false,
					"isVisible": true,
					"align": "right",
					"mask": {
						"type": "float",
						"params": {
							"precision": 2,
							"decimal": ",",
							"thousands": "."
						}
					}
				}
			]
		}
	]
}