{
    "id": "203942902437196013901029",
    "name": "saleCancelContainer",
    "label": "Cancelar Venda",
    "showHeader": true,
    "showMenu": true,
    "showBack": false,
    "showFooter": true,
    "showNotifications": true,
    "footer": "component/footer.html",
    "events": [],
    "template": "container/window.html",
    "popup": "component/popup.html",
    "widgets": [
        {
            "id": "42257279526589144271030",
            "name": "saleCancelWidget",
            "label": "",
            "template": "widget/form-login.html",
            "isVisible": true,
            "events": [],
            "dataSource": {},
            "fields": [
                {
                    "id": "42257279516309648891065",
                    "label": "Digite o código do cupom:",
                    "name": "CODIGOCUPOM",
                    "class": 12,
                    "isVisible": true,
                    "template": "taa-components#PasswordKeyboard/password-keyboard.html",
                    "keyboardProperties": {
                        "inputType": "text",
                        "type": "numeric",
                        "showSignalButton": false,
                        "showSeparatorButton": false
                    },
                    "validations" : {
                        "required" : true
                    },
                    "maxlength": 9,
                    "events": [
                        {
                            "id": "42257279523085176891066",
                            "name": "FieldOnConfirm",
                            "code": "CancelSaleController.saleCancel(args.owner.field.widget);"
                        }
                    ]
                }
            ],
            "widgets": []
        }
    ]
}