{
    "name": "cancelRechargeCredit",
    "label": "Cancelamento de recarga",
    "events": [],
    "showHeader": true,
    "showMenu": true,
    "showFooter": true,
    "showBack": false,
    "showNotifications": false,
    "footer": "component/footer.html",
    "template": "container/window.html",
    "widgets": [
        {
            "name": "cancelRechargeWidget",
            "label": "Cancelamento de Crédito Pessoal",
            "isVisible": true,
            "template": "widget/form-login.html",
            "actions": [],
            "events": [
            	
            ],
            "dataSource": {},
            "fields": [
                {
                    "name": "TYPECANCELLATION",
                    "label": "SELECIONE O MODO DE CANCELAMENTO",
                    "class": "12",
                    "showOnForm": true,
                    "isVisible": true,
                    "descriptionField": "NMTIPORECE",
                    "valueField": "IDTIPORECE",
                    "columns": 2,
                    "dataSource": {
                        "data": [
                            {
                                "NMTIPORECE": "CRÉDITO",
                                "IDTIPORECE": "1"
                            },
                            {
                                "NMTIPORECE": "DÉBITO",
                                "IDTIPORECE": "2"
                            }
                        ]
                    },
                    "template": "field/radio-group.html",
                    "validations" : {
                        "required" : true
                    }
                },
                {
                    "name": "DOCTEF",
                    "label": "Código DOC ",
                    "class": 12,
                    "showOnForm": true,
                    "isVisible": true,
                    "template": "field/number-keyboard.html",
                    "validations" : {
                        "required" : true
                    }
                },
                {
                    "name": "VALORVENDA",
                    "label": "Valor da Venda",
                    "class": 12,
                    "showOnForm": true,
                    "isVisible": true,
                    "template": "field/number-keyboard.html",
                    "validations" : {
                        "required" : true
                    }
                },
                {
                    "name": "DTVENDA",
                    "label": "Data da Venda",
                    "class": 12,
                    "showOnForm": true,
                    "isVisible": true,
                    "template": "field/calendar.html",
                    "validations" : {
                        "required" : true
                    }
                },
                {
                    "name": "confirm",
                    "label": "Confirma cancelamento",
                    "class": 12,
                    "isVisible": true,
                    "readOnly": false,
                    "template": "field/button.html",
                    "events": [
                        {
                            "name": "FieldOnClick",
                            "code": "TEFController.performCancellation(args.owner.field.widget);"
                        }
                    ]
                }
            ]
        }
    ]
}