{
    "name": "cancelRechargeCredit",
    "label": "Cancelamento de recarga",
    "events": [],
    "showHeader": true,
    "showMenu": true,
    "showFooter": true,
    "showBack": false,
    "showNotifications": false,
    "footer": "component/footer.html",
    "template": "container/window.html",
    "widgets": [
        {
            "name": "cancelRechargeWidget",
            "label": "Cancelamento de Crédito Pessoal",
            "isVisible": true,
            "template": "widget/form-login.html",
            "actions": [],
            "events": [
            	
            ],
            "dataSource": {},
            "fields": [
                {
                    "name": "CDIDCONSUMID",
                    "label": "Código do Consumidor",
                    "class": 12,
                    "showOnForm": true,
                    "isVisible": true,
                    "template": "field/number-keyboard.html",
                    "events": [
                        {
                            "name": "FieldOnConfirm",
                            "code": "CancelRechargeController.getConsumer(args.owner.field.widget);"
                        }
                    ],
                    "validations" : {
                        "required" : true
                    }
                },
                {
                    "name": "NMCONSUMIDOR",
                    "label": "Nome do Consumidor",
                    "class": 12,
                    "showOnForm": true,
                    "isVisible": false,
                    "readOnly": true,
                    "template": "field/text-edit.html"
                },
                {
                    "name": "NRDEPOSICONS",
                    "label": "Numero do depósito",
                    "class": 12,
                    "showOnForm": true,
                    "isVisible": false,
                    "template": "field/number-keyboard.html",
                    "events": [
                        {
                            "name": "FieldOnConfirm",
                            "code": "CancelRechargeController.getDeposiconsData(args.owner.field.widget);"
                        }
                    ],
                    "validations" : {
                        "required" : true
                    }
                },
                {
                    "name": "confirm",
                    "label": "Confirma cancelamento",
                    "class": 12,
                    "isVisible": true,
                    "readOnly": false,
                    "template": "field/button.html",
                    "events": [
                        {
                            "name": "FieldOnClick",
                            "code": "TEFController.performCancellation(args.owner.field.widget);"
                        }
                    ]
                }
            ]
        }
    ]
}