{
    "name": "dashboard",
    "label": "TAA Dashboard",
    "showHeader": true,
    "showMenu": true,
    "showBack": false,
    "showFooter": false,
    "footer": "component/footer.html",
    "template": "container/window.html",
    "popup": "component/popup.html",
    "events": [],
    "widgets": [
        {
            "template": "widget/form.html",
            "name": "dashboardForm",
            "isVisible": true,
            "events": [
                {
                    "name": "WidgetOnEnter",
                    "code": "DashboardController.init(args.owner)"
                }
            ],
            "fields": [
                {
                    "name": "NMCAIXA",
                    "label": "",
                    "class": "12 dashboard-label",
                    "template": "field/label.html",
                    "isVisible": true,
                    "events": []
                },
                {
                    "name": "BTN1",
                    "label": "Iniciar TAA",
                    "class": 6,
                    "template": "field/button.html",
                    "isVisible": true,
                    "events": [
                        {
                            "name": "ActionEvent",
                            "code": "DashboardController.prepareTAA()"
                        }
                    ]
                },
                {
                    "name": "blockedProducts",
                    "label": "Bloqueio de Produtos",
                    "class": 6,
                    "template": "field/button.html",
                    "isVisible": true,
                    "events": [
                        {
                            "name": "ActionEvent",
                            "code": "ScreenService.openWindow('blockedProducts')"
                        }
                    ]
                },
                {
                    "name": "openRegisterButton",
                    "label": "Abrir caixa",
                    "template": "field/button.html",
                    "class": 6,
                    "isVisible": true,
                    "events": [
                        {
                            "name": "ActionEvent",
                            "code": "Utilities.toggleFullScreen();openWindow('openRegister')"
                        }
                    ]
                },
                {
                    "name": "closeRegisterButton",
                    "label": "Fechar caixa",
                    "class": 6,
                    "template": "field/button.html",
                    "isVisible": true,
                    "events": [
                        {
                            "name": "ActionEvent",
                            "code": "openWindow('closeRegister')"
                        }
                    ]
                },
                {
                    "name": "closeRegisterButton",
                    "label": "Baixar Imagens",
                    "class": 6,
                    "template": "field/button.html",
                    "isVisible": true,
                    "events": [
                        {
                            "name": "ActionEvent",
                            "code": "DownloadController.downloader(false)"
                        }
                    ]
                } 
            ]
        }
    ]
}
