{
    "name": "loginContainer",
    "label": "Login",
    "events": [],
    "showHeader": false,
    "showMenu": false,
    "showFooter": false,
    "showBack": false,
    "showNotifications": false,
    "footer": "component/footer.html",
    "template": "container/window.html",
    "widgets": [
        {
            "name": "loginWidget",
            "label": "Login",
            "isVisible": true,
            "template": "widget/form-login.html",
            "actions": [],
            "events": [
            	{
            		"name": "WidgetOnEnter",
            		"code": "ClientsMetadataService.loadClient(); OperatorController.prepareTAA(templateManager.container.getWidget('loginWidget'));"
            	}
            ],
            "dataSource": {},
            "fields": [
                {
                    "name": "logo-taa",
                    "label":"logo-taa",
                    "class": "12 login-logo-img",
                    "source":"../mobile/images/taa_logo.png",
                    "template": "field/image-static.html"
                },
                {
                    "name": "LABELFILIAL",
                    "label": "Filial",
                    "class": 12,
                    "readOnly": false,
                    "sameLine": true,
                    "showOnForm": true,
                    "isVisible": true,
                    "descriptionField": "LABELFILIAL",
                    "outData": {
                        "LABELFILIAL": "LABELFILIAL",
                        "NMFILIAL": "NMFILIAL",
                        "CDFILIAL": "CDFILIAL"
                    },
                    "template": "field/select.html",
                    "events": [
                    	{
                    		"name": "FieldOnChange",
                    		"code": "OperatorController.loadRegisters(args.row, templateManager.container.getWidget('loginWidget').getField('LABELCAIXA'))"
                    	}
                    ],
                    "dataSource": {
                        "rest": true,
                        "localStorage": false,
                        "name": "/FiliaisRepo",
                        "data": []
                    },
                    "validations" : {
                        "required" : true
                    }
                },
                {
                    "name": "LABELCAIXA",
                    "label": "Caixa",
                    "class": 12,
                    "readOnly": true,
                    "sameLine": true,
                    "showOnForm": true,
                    "isVisible": true,
                    "descriptionField": "LABELCAIXA",
                    "outData": {
                        "NMCAIXA": "NMCAIXA",
                        "CDCAIXA": "CDCAIXA",
                        "LABELCAIXA": "LABELCAIXA"
                    },
                    "template": "field/select.html",
                    "events": [
                    	{
                    		"name": "FieldOnChange",
                    		"code": "OperatorController.loadOperators(args.row, templateManager.container.getWidget('loginWidget').getField('LABELOPERADOR'), templateManager.container.getWidget('loginWidget').getField('CDOPERADOR'))"
                    	}
                    ],
                    "dataSource": {},
                    "validations" : {
                        "required" : true
                    }
                },
                {
                    "name": "CDOPERADOR",
                    "label": "Codigo do Operador",
                    "class": 4,
                    "showOnForm": true,
                    "maxlength": 12,
                    "readOnly": true,
                    "isVisible": true,
                    "events": [
                        {
                            "name": "FieldOnConfirm",
                            "code": "OperatorController.getOperator(args.owner.field.widget);"
                        }
                        
                    ],
                    "template": "taa-components#PasswordKeyboard/password-keyboard.html",
                    "keyboardProperties": {
                        "inputType": "text",
                        "type": "numeric",
                        "showSignalButton": false,
                        "showSeparatorButton": false
                    },
                    "validations" : {
                        "required" : true
                    }
                },
                {
                    "name": "LABELOPERADOR",
                    "label": "Operador",
                    "class": 8,
                    "readOnly": true,
                    "sameLine": true,
                    "showOnForm": true,
                    "isVisible": true,
                    "template": "field/text-edit.html",
                    "validations" : {
                        "required" : true
                    },
                    "dataSource": {}
                },
                {
                    "name": "CDSENHOPER",
                    "label": "Senha",
                    "class": 12,
                    "isVisible": true,
                    "template": "taa-components#PasswordKeyboard/password-keyboard.html",
                    "spin": false,
                    "validations" : {
                        "required" : true
                    },
                    "keyboardProperties": {
                        "inputType": "password",
                        "type": "alpha",
                        "showSignalButton": false,
                        "showSeparatorButton": false
                    }
                },
                {
                    "name": "entrar",
                    "label": "Entrar",
                    "class": 12,
                    "isVisible": true,
                    "readOnly": false,
                    "template": "field/button.html",
                    "events": [
                        {
                            "name": "FieldOnClick",
                            "code": "OperatorController.login(args.row, args.owner.field.widget);"
                        }
                    ]
                },
                {
                    "class": 12,
                    "name": "version",
                    "label": "",
                    "isVisible": true,
                    "readOnly": true,
                    "template": "field/label-static.html"
                }
            ]
        }
    ]
}