{
    "name": "logout",
    "showHeader": false,
    "showMenu": false,
    "label": "Logout",
    "showBack": false,
    "events": [],
    "showFooter": false,
    "showNotifications": false,
    "footer": "component/footer.html",
    "template": "container/window.html",
    "popup": "component/popup.html",
    "widgets": [
        {
            "name": "logout",
            "label": "Logotu",
            "height": "100%",
            "class": "12",
            "isVisible": true,
            "template": "widget/form.html",
            "dataSource": {},
            "events": [
                {
                    "name": "WidgetOnEnter",
                    "code": "OperatorController.logout();"
                }
            ],
            "fields": []
        }
    ]
}