{
	"name": "openRegister",
	"label": "Abertura de Caixa",
	"isVisible": true,
	"showFooter": true,
	"showHeader": true,
	"showMenu": true,
	"showBack": true,
	"showForm": true,
	"footer": "component/footer.html",
	"template": "container/window.html",
	"widgets": [
		{
			"name": "openRegister",
			"label": "Abertura do Caixa",
			"template": "widget/form.html",
			"isVisible": false,
			"events": [
				{
					"name": "WidgetOnEnter",
					"code": "RegisterController.openRegisterAutomatically();"
				}
			],
			"actions": [
				{
					"label": "Confirmar Abertura",
					"name": "confirmOpen",
					"isVisible": false,
					"readOnly": false,
					"showOnForm": true,
					"showOnList": false,
					"showAsAction": "never",
					"events": [
						{
							"name": "ActionEvent",
							"code": "RegisterController.openRegister(templateManager.container.getWidget('openRegister'), args.row);"
						}
					]
				},
				{
					"label": "Voltar",
					"isVisible": false,
					"showOnForm": true,
					"showOnList": false,
					"showAsAction": "back",
					"events": [
						{
							"name": "ActionEvent",
							"code": "ScreenService.openWindow('dashboard');"
						}
					]
				}
			],
			"dataSource": {},
			"fields": [
				{
					"name": "CDFILIAL",
					"label": "Filial",
					"showOnForm": true,
					"isVisible": false,
					"readOnly": true,
					"template": "field/text-edit.html",
					"events": [],
					"class": 4
				},
				{
					"id": "203",
					"name": "NMFILIAL",
					"label": "Nome Filial",
					"descriptionField": "NMFILIAL",
					"showOnForm": true,
					"isVisible": false,
					"readOnly": true,
					"template": "field/text-edit.html",
					"events": [],
					"class": 8
				},
				{
					"name": "CDCAIXA",
					"label": "Caixa",
					"showOnForm": true,
					"readOnly": true,
					"class": 6,
					"isVisible": false,
					"template": "field/text-edit.html",
					"dataSource": {}
				},
				{
					"name": "DTABERCAIX",
					"label": "Data da Abertura",
					"showOnForm": true,
					"placeholder": null,
					"readOnly": true,
					"isVisible": false,
					"template": "field/text-edit.html",
					"events": [],
					"class": 6,
					"defaultValue": "@moment().format('DD/MM/YYYY HH:mm:ss')@"
		        },
				{
					"name": "CDOPERADOR",
					"label": "Código Operador",
					"showOnForm": true,
					"readOnly": true,
					"isVisible": false,
					"template": "field/text-edit.html",
					"events": [],
					"class": 4
				},
				{
					"name": "NMOPERADOR",
					"label": "Nome Operador",
					"showOnForm": true,
					"readOnly": true,
					"isVisible": false,
					"template": "field/text-edit.html",
					"events": [],
					"class": 8
				},
				{
					"name": "VRMOVIVEND",
					"label": "Fundo de Troco",
					"showOnForm": true,
					"validations": {
						"required": true
					},
					"readOnly": false,
					"isVisible": false,
					"template": "field/text-edit.html",
					"events": [],
					"class": 12,
					"descriptionField": "VALOR",
					"mask": {
						"type": "currency",
						"params": {
							"decimal": ",",
							"thousands": "."
						}
					}
				}
			]
		}
	]
}