{
    "id": "76110744123062091801453",
    "name": "SELF_CHECKOUT",
    "label": "Self Checkout",
    "template": "taa-container#window.html",
    "fieldNames": {
        "groupKey": "grupos",
        "groupCode": "CDGRUPO",

        "subgroupKey": "listaSubGrupos",
        "subgroupCode": "CDSUBGRUPO",
        "subgroupName": "NMSUBGRUPO",

        "productKey": "listaProdutos",
        "productCode": "CDPRODUTO",
        "productName": "NMPRODUTO",
        "productDesc": "DSPRODVENDA",
        "productPrice": "VRPRECITEM",
        "productImage": "IMGPRODUTO"
    },
    "widgets": [
        {
            "id": "14215736587048419971454",
            "name": "PRODUCT_GRID",
            "label": "Product grid",
            "isVisible": true,
            "template": "",
            "templateUrl": "./src/Pages/ProductGrid/template.html"
        },
        {
            "id": "14215736587048419971455",
            "name": "WAIT_SCREEN",
            "label": "Wait Screen",
            "isVisible": true,
            "template": "",
            "templateUrl": "./src/Pages/WaitScreen/template.html",
            "widgets" : [
                {
                    "id": 2,
                    "name": "validateOperatorWidget",
                    "label": "Validar Operador",
                    "isVisible": true,
                    "template": "widget/form-login.html",
                    "formTemplate": "widget/form-login.html",
                    "actions": [],
                    "events": [
                        {
                            "name": "WidgetOnEnter",
                            "code": "RegisterController.closeScreenFields(args.owner)"
                        }
                    ],
                    "dataSource":{},
                    "fields": [
                        {
                            "class": 12,
                            "name": "CDFILIAL",
                            "label": "Filial",
                            "isVisible": false,
                            "template": "field/text.html",
                            "events": [],
                            "maxlength": 20
                        },
                        {
                            "class": 12,
                            "name": "LABELFILIAL",
                            "label": "Filial",
                            "isVisible": true,
                            "isVisibleForm": true,
                            "readOnly": true,
                            "defaultValue": null,
                            "focused": true,
                            "template": "field/text.html",
                            "events": [],
                            "maxlength": 20
                        },
                        {
                            "class": 12,
                            "name": "LABELCAIXA",
                            "label": "Caixa",
                            "isVisible": true,
                            "isVisibleForm": true,
                            "readOnly": true,
                            "defaultValue": null,
                            "focused": true,
                            "template": "field/text.html",
                            "events": [],
                            "maxlength": 20
                        },
                        {
                            "id": 1,
                            "class": 12,
                            "name": "NMOPERADOR",
                            "label": "Operador",
                            "isVisible": true,
                            "isVisibleForm": true,
                            "readOnly": true,
                            "defaultValue": null,
                            "focused": true,
                            "template": "field/text.html",
                            "events": [],
                            "maxlength": 20
                        },
                        {
                            "id": 1,
                            "class": 12,
                            "name": "CDOPERADOR",
                            "label": "Operador",
                            "isVisible": false,
                            "template": "field/text.html",
                            "events": [],
                            "maxlength": 20
                        },
                        {
                            "class": 12,
                            "label": "Senha",
                            "name": "SENHADIG",
                            "isVisible": true,
                            "template": "taa-components#PasswordKeyboard/password-keyboard.html",
                            "keyboardProperties": {
                                "inputType": "password",
                                "type": "alpha",
                                "showSignalButton": false,
                                "showSeparatorButton": false
                            }
                        },
                        {
                            "name": "liberar",
                            "class": 12,
                            "label": "Sair do TAA",
                            "showAsAction":"never",
                            "template": "field/button.html",
                            "isVisible": true,
                            "events": [
                                {
                                    "id": 1,
                                    "name": "FieldOnClick",
                                    "code": "OperatorController.validateOperatorPass(args.owner.field.widget);"
                                }
                            ]
                        },
                        {
                            "name": "btnBack",
                            "class": 12,
                            "label": "Cancelar",
                            "showAsAction":"back",
                            "template": "field/button.html",
                            "isVisible": true,
                            "events": [
                                {
                                    "id": 1,
                                    "name": "FieldOnClick",
                                    "code": "OperatorController.cancelValidatePass(args.owner.field.widget)"
                                }
                            ]
                        }

                    ]
                }
            ]
        },
        {
            "id": "14215736587048419971456",
            "name": "CART",
            "label": "Cart",
            "isVisible": true,
            "template": "",
            "templateUrl": "./src/pages/Cart/template.html"
        },
        {
            "id": "14215736587048419971411",
            "name": "DINNING_PLACE",
            "label": "Dinning Place",
            "isVisible": true,
            "template": "",
            "templateUrl": "./src/Pages/SelectOrderMethod/template.html"
        },
        {
            "id": "14215736587048419971321",
            "name": "PAYMENT_METHOD",
            "label": "Payment Method",
            "isVisible": true,
            "template": "",
            "templateUrl": "./src/Pages/PaymentMethod/template.html"
        },
        {
            "id": "14215736587048419971321",
            "name": "DOCUMENT",
            "label": "Key Pad",
            "isVisible": true,
            "template": "",
            "templateUrl": "./src/Pages/Document/template.html"
        },
        {
            "id": "14215736587048419971318",
            "name": "FINALIZE_PURCHASE",
            "label": "Finalize Purchase",
            "isVisible": true,
            "template": "",
            "templateUrl": "./src/Pages/FinalizePurchase/template.html"
        },
        {
            "id": "14215736587048419971319",
            "name": "COMBO_CART",
            "label": "Combo Cart",
            "isVisible": true,
            "template": "",
            "templateUrl": "./src/components/Cart/ComboCart/combo-cart.html"
        },
        {
            "name": "CONSUMER_PASSWORD",
            "label": "Debito Consumidor",
            "isVisible": true,
            "template": "",
            "templateUrl": "./src/Pages/ConsumerPassword/template.html"
        },
        {
            "name": "PAYMENT_WIDGET",
            "label": "Selecione a família",
            "isVisible": true,
            "template": "",
            "templateUrl": "./src/Pages/FamilyPayment/template.html",
            "actions": [],
            "paymentProperties": {
                "showImageLabel": false,
                "imageLabel": "",
                "showBalance": false
            },
            "dataSource": {},
            "fields": [{
                "name": "confirm",
                "label": "Confirmar",
                "isVisible": true,
                "class": "12",
                "template": "field/button.html",
                "events": [],
                "actions" : []
            },
            {
                "name": "cancel",
                "label": "Cancelar recarga",
                "isVisible": true,
                "class": "12",
                "template": "field/button.html",
                "events": [],
                "actions" : [{
                    "name": "FieldOnClick",
                    "code": "RechargeCreditController.cancelRecharge()"
                }]
            }]
        },
        {
            "name": "REGISTER_PASSWORD",
            "label": "Nova Senha",
            "isVisible": true,
            "template": "",
            "templateUrl": "./src/Pages/RegisterPassword/template.html"
        },
        {
            "name": "ORDER_DETAIL",
            "label": "Detalhe",
            "isVisible": true,
            "template": "",
            "templateUrl": "./src/Pages/OrderDetail/template.html"
        },
        {
            "name": "BILLET_LOADER",
            "label": "Comanda",
            "isVisible": true,
            "template": "",
            "templateUrl": "./src/Pages/Billet/template.html"
        },

        {
            "name": "PRODUCT_DETAIL",
            "label": "Produto",
            "isVisible": true,
            "template": "",
            "templateUrl": "./src/Pages/ProductDetail/template.html"
        },
        {
            "name": "PRODUCT_COMBO",
            "label": "Combo",
            "isVisible": true,
            "template": "",
            "templateUrl": "./src/Pages/ProductCombo/template.html"
        },
        {
            "name": "GROUP_SUGGESTION",
            "label": "Sugestao de Grupo",
            "isVisible": true,
            "template": "",
            "templateUrl": "./src/Pages/GroupImageSuggestions/template.html"
        }
    ]
}