<?xml version="1.0" ?>
<container xmlns="http://symfony.com/schema/dic/services"
  xmlns:xsi="http://www.w3.org/2001/XMLSchema-instance" xsi:schemaLocation="http://symfony.com/schema/dic/services http://symfony.com/schema/dic/services/services-1.0.xsd">

  <parameters>
    <!-- DATABASE CONNECTION -->
    <parameter key="database_driver">sqlsrv</parameter>
    <parameter key="connection_params" type="collection">
      <parameter key="driver">sqlsrv</parameter>
      <parameter key="wrapperClass">Odhen\API\Util\MultipleDatabaseConnection</parameter>
      <parameter key="user">teknisa</parameter>
      <parameter key="password">teknisa</parameter>
      <parameter key="host">localhost</parameter>
      <parameter key="dbname">giraffas_producao</parameter>
      <parameter key="charset">UTF-8</parameter>
      <parameter key="isEncrypted">false</parameter>
      <parameter key="platform" type="service" id="sqlSrvPlatforn"></parameter>
    </parameter>
    <!-- LOG_PATH -->
    <parameter key="LOG_PATH">../../../LOG</parameter>

    <!-- NFCE AND SAT PATH -->
    <parameter key="NFCE_PATH">../../../NFCE</parameter>
    <parameter key="IMG_PATH">./../../../IMAGES</parameter>
    <parameter key="URL_NODE_SERVER"></parameter>
    <parameter key="CDATIVASAT"></parameter>
    <parameter key="HABILITA_LOG_VENDA">true</parameter>
    <parameter key="DIAS_LOG_VENDA">false</parameter>
    <parameter key="PATH_NFCE_SAT">../../../SAT</parameter>
    <parameter key="PROXY_IP"></parameter>
    <parameter key="PROXY_PORT"></parameter>
    <parameter key="PROXY_USER"></parameter>
    <parameter key="PROXY_PASSWORD"></parameter>
    <parameter key="disabled_dlls">false</parameter>
    <parameter key="PONTE_URL"></parameter>
    <parameter key="UTILIZA_IMPRESSAO_PONTE">true</parameter>
    <parameter key="UTILIZA_IMPRESSAO_PHP">false</parameter>
  </parameters>

  <services>
    <service id="eventManager" class="%eventManager.class%"></service>
    <service id="sqlSrvPlatforn" class="Odhen\API\DBAL\Platforms\SQLServer2008Platform"></service>
    <service id="sessionInit" class="Doctrine\DBAL\Event\Listeners\SQLSessionInit">
      <argument>SET DATEFORMAT dmy;</argument>
    </service>
  </services>
</container>
