[
    {
        "uri": "/FiliaisRepo",
        "controller": "\\Controller\\ParamsTAA",
        "controllerMethod": "getFiliais",
        "methods": [
            "POST"
        ]
    },
    {
        "uri": "/auth",
        "controller": "\\Controller\\Auth",
        "controllerMethod": "auth",
        "methods": [
            "POST"
        ]
    },
    {
        "uri": "/auth2",
        "controller": "\\Controller\\Auth",
        "controllerMethod": "auth2",
        "methods": [
            "POST"
        ]
    },
    {
        "uri": "/OpenRegisterRepository",
        "controller": "\\Controller\\Register",
        "controllerMethod": "openRegister",
        "methods": [
            "POST"
        ]
    },
    {
        "uri": "/CloseRegisterRepository",
        "controller": "\\Controller\\Register",
        "controllerMethod": "closeRegister",
        "methods": [
            "POST"
        ]
    },
    {
        "uri": "/PrepareTAARepository",
        "controller": "\\Controller\\Register",
        "controllerMethod": "prepareTAA",
        "methods": [
            "POST"
        ]
    },
    {
        "uri": "/PerformSaleRepository",
        "controller": "\\Controller\\Order",
        "controllerMethod": "performSale",
        "methods": [
            "POST"
        ]
    },
    {
        "uri": "/PerformSaleBilletRepository",
        "controller": "\\Controller\\Order",
        "controllerMethod": "performSaleBillet",
        "methods": [
            "POST"
        ]
    },
    {
        "uri": "/RegistersRepo",
        "controller": "\\Controller\\ParamsTAA",
        "controllerMethod": "getRegisters",
        "methods": [
            "POST"
        ]
    },
    {
        "uri": "/OperatorsRepo",
        "controller": "\\Controller\\ParamsTAA",
        "controllerMethod": "loadOperators",
        "methods": [
            "POST"
        ]
    },
    {
        "uri": "/TEFTransactionRepo",
        "controller": "\\Controller\\TEF",
        "controllerMethod": "performTransaction",
        "methods": [
            "POST"
        ],
        "requestType": "Row"
    },
    {
        "uri": "/TEFCancellationRepo",
        "controller": "\\Controller\\TEF",
        "controllerMethod": "performCancellation",
        "methods": [
            "POST"
        ],
        "requestType": "Row"
    },
    {
        "uri": "/saleCancel",
        "controller": "\\Controller\\Order",
        "controllerMethod": "saleCancel",
        "methods": [
            "POST"
        ],
        "requestType": "Row"
    },
    {
        "uri": "/ValidateOperatorPassRepo",
        "controller": "\\Controller\\ParamsTAA",
        "controllerMethod": "validateOperatorPass",
        "methods": [
            "POST"
        ]
    },
    {
        "uri": "/TEFConfigurationRepo",
        "controller": "\\Controller\\TEF",
        "controllerMethod": "configureTEF",
        "methods": [
            "POST"
        ]
    },
    {
      "uri": "/findConsumer",
      "controller": "\\Controller\\Consumer",
      "controllerMethod": "findConsumer",
      "methods": [
          "POST"
      ]
    },
    {
        "uri": "/validateConsumer",
        "controller": "\\Controller\\Consumer",
        "controllerMethod": "validateConsumer",
        "methods": [
            "POST"
        ]
    },
    {
        "uri": "/PrintClosingReportRepository",
        "controller": "\\Controller\\Register",
        "controllerMethod": "printClosingReport",
        "methods": [
            "POST"
        ]
    },
    {
        "uri": "/BlockedProductsRepository",
        "controller": "\\Controller\\BlockedProducts",
        "controllerMethod": "getBlockedProducts",
        "methods": [
            "POST"
        ]
    },
    {
        "uri": "/BlockProductsRepository",
        "controller": "\\Controller\\BlockedProducts",
        "controllerMethod": "handleBlockProduct",
        "methods": [
            "POST"
        ]
    },
    {
        "uri": "/ExternalSaleDataRepo",
        "controller": "\\Controller\\Order",
        "controllerMethod": "getExternalSaleData",
        "methods": [
            "POST"
        ]
    },
    {
        "uri": "/getCapptaTransaction",
        "controller": "\\Controller\\TEF",
        "controllerMethod": "getReceCapptaTransaction",
        "methods": [
            "POST"
        ],
        "requestType": "Row"
    },
    {
        "uri": "/getConsumerSaldoCons",
        "controller": "\\Controller\\Consumer",
        "controllerMethod": "getConsumerSaldoCons",
        "methods": [
            "POST"
        ],
        "requestType": "Row"
    },
    {
        "uri": "/getConsumerToCancelRecharge",
        "controller": "\\Controller\\Consumer",
        "controllerMethod": "getConsumerToCancelRecharge",
        "methods": [
            "POST"
        ],
        "requestType": "Row"
    },
    {
        "uri": "/doRechargeFamily",
        "controller": "\\Controller\\Consumer",
        "controllerMethod": "doRechargeFamily",
        "methods": [
            "POST"
        ],
        "requestType": "Row"
    },
    {
        "uri": "/cancelPersonalCredit",
        "controller": "\\Controller\\Consumer",
        "controllerMethod": "cancelPersonalCredit",
        "methods": [
            "POST"
        ]
    },
    {
        "uri": "/getDeposiconsData",
        "controller": "\\Controller\\Consumer",
        "controllerMethod": "getDeposiconsData",
        "methods": [
            "POST"
        ]
    },
    {
        "uri": "/saveNewPassword",
        "controller": "\\Controller\\Consumer",
        "controllerMethod": "saveNewPassword",
        "methods": [
            "POST"
        ]
    },
    {
        "uri": "/lib_buildMenu",
        "controller": "\\Controller\\Menu",
        "controllerMethod": "buildMenu",
        "methods": ["POST"],
        "requestType": ""
    },
    {
        "uri": "/lib_requestToken",
        "controller": "\\Controller\\Menu",
        "controllerMethod": "requestToken",
        "methods": ["POST"],
        "requestType": ""
    },
    {
        "uri": "/LoadBilletRepository",
        "controller": "\\Controller\\ParamsTAA",
        "controllerMethod": "loadBilletData",
        "methods": [
            "POST"
        ]
    },
    {
        "uri": "/downloadImages",
        "controller": "\\Controller\\ImagesManager",
        "controllerMethod": "downloadImages",
        "methods": ["POST"]
    },
    {
        "uri": "/saveBiometryDevice",
        "controller": "\\Controller\\Consumer",
        "controllerMethod": "saveBiometryDevice",
        "methods": ["POST"]
    },
    {
      "uri": "/products",
      "controller": "\\Controller\\Produto",
      "controllerMethod": "fetchProducts",
      "methods": ["POST"]
    },
    {
      "uri": "/filial",
      "controller": "\\Controller\\Filial",
      "controllerMethod": "fetchFilial",
      "methods": ["POST"]
    },
    {
        "uri": "/loja",
        "controller": "\\Controller\\Loja",
        "controllerMethod": "fetchLoja",
        "methods": ["POST"]
      },
    {
      "uri": "/caixa",
      "controller": "\\Controller\\Caixa",
      "controllerMethod": "fetchCaixa",
      "methods": ["POST"]
    } , 
    {
      "uri": "/produto",
      "controller": "\\Controller\\Product",
      "controllerMethod": "fetchProducts",
      "methods": ["POST"]
    },
    {
        "uri": "/recebimento",
        "controller": "\\Controller\\Recebimento",
        "controllerMethod": "fetchReceipts",
        "methods": ["POST"]
    },
    {
        "uri": "/cash",
        "controller": "\\Controller\\Order",
        "controllerMethod": "cash",
        "methods": ["POST"]
    }
]
