<?xml version="1.0"?>
<container xmlns="http://symfony.com/schema/dic/services"
	xmlns:xsi="http://www.w3.org/2001/XMLSchema-instance" xsi:schemaLocation="http://symfony.com/schema/dic/services http://symfony.com/schema/dic/services/services-1.0.xsd">

	<parameters>
		<parameter key="baseUri">/taa/backend/service/index.php</parameter>
		<parameter key="route_file_name">../routes.json</parameter>
		<parameter key="is_dev_mode">true</parameter>
		<parameter key="dcm_path" type="collection">
			<parameter>../src/Model/dcm</parameter>
		</parameter>
	</parameters>

	<services>
		<service id="connection" class="\Odhen\API\Util\MultipleDatabaseConnection" factory-class="\Odhen\API\Util\ConnectionFactoryAPI" factory-method="factoryWithEncryptedPassword">
			<argument>%connection_params%</argument>
			<argument id="oracleDecrypt">rt6hHy8jajjaA</argument>
			<argument type="service" id="entityMetaDataConfig"/>
			<argument type="service" id="eventManager"/>
			<call method="setDataBaseDriver">
				<argument>%database_driver%</argument>
			</call>
			<call method="setAditionalQueryClasses">
				<argument>\Util\MSDEQuery</argument>
				<argument>\Util\OracleQuery</argument>
			</call>
		</service>
		<service id="eventManager" class="%eventManager.class%">
			<call method="addEventSubscriber">
				<argument type="service" id="sessionInit"/>
			</call>
		</service>
		<!-- SERVICES -->
		<service id="\Service\ParamsTAA" class="\Service\ParamsTAA">
			<argument type="service" id="entityManager" />
		</service>

		<!-- CONTROLLERS -->
		<service id="\Controller\Menu" class="\Controller\Menu" />
		<service id="\Controller\Auth" class="\Controller\Auth">
				<argument type="service" id="\Odhen\API\Remote\TEF\TEF" />
				<argument type="service" id="\Odhen\API\Service\Login" />
				<argument type="service" id="\Service\ParamsTAA" />
				<argument type="service" id="\Odhen\API\Service\Caixa" />
		</service>
		
		<service id="\Controller\Filial" class="\Controller\Filial">
			<argument type="service" id="\Odhen\API\Service\Filial" />
		</service>

		<service id="\Controller\Loja" class="\Controller\Loja">
			<argument type="service" id="\Odhen\API\Service\Loja" />
		</service>

		<service id="\Controller\Caixa" class="\Controller\Caixa">
			<argument type="service" id="\Odhen\API\Service\Caixa" />
		</service>

		<service id="\Controller\Recebimento" class="\Controller\Recebimento">
			<argument type="service" id="\Odhen\API\Service\Recebimento" />
		</service>

		<service id="\Controller\Product" class="\Controller\Product">
			<argument type="service" id="\Odhen\API\Service\Preco" />
			<argument type="service" id="\Odhen\API\Service\Produto" />
			<argument type="service" id="\Odhen\API\Service\Observacao" />
			<argument type="service" id="instanceManager" />
		</service>

		<service id="\Controller\Consumer" class="\Controller\Consumer">
			<argument type="service" id="entityManager"/>
			<argument type="service" id="\Odhen\API\Service\Caixa" />
			<argument type="service" id="\Odhen\API\Service\Consumidor" />
			<argument type="service" id="\Odhen\API\Util\Util" />
			<argument type="service" id="\Odhen\API\Lib\ImpressaoUtil" />
			<argument type="service" id="\Service\ParamsTAA" />
			<argument type="service" id="\Odhen\API\Service\VendaValidacao" />
		</service>
		<service id="\Controller\ParamsTAA" class="\Controller\ParamsTAA">
			<argument type="service" id="\Odhen\API\Service\Parametros" />
			<argument type="service" id="\Odhen\API\Service\Login" />
			<argument type="service" id="\Odhen\API\Service\Operador" />
			<argument type="service" id="\Service\ParamsTAA" />
			<argument type="service" id="\Odhen\API\Service\Caixa" />
			<argument type="service" id="instanceManager" />
		</service>
		<service id="\Controller\Register" class="\Controller\Register">
			<argument type="service" id="\Odhen\API\Service\Caixa" />
			<argument type="service" id="\Service\ParamsTAA" />
			<argument type="service" id="\Odhen\API\Lib\ImpressaoUtil" />
			<argument type="service" id="\Odhen\API\Remote\SAT\SAT" />
			<argument type="service" id="\Odhen\API\Util\Util" />
			<argument type="service" id="\Controller\ParamsTAA" />
			<argument type="service" id="\Odhen\API\Service\Parametros" />
			<argument type="service" id="\Odhen\API\Util\Database" />
		</service>
		<service id="\Controller\Order" class="\Controller\Order">
			<argument type="service" id="entityManager" />
			<argument type="service" id="\Odhen\API\Service\Venda" />
			<argument type="service" id="\Odhen\API\Util\Util" />
			<argument type="service" id="\Odhen\API\Service\ImpressaoPedido" />
			<argument type="service" id="\Odhen\API\Service\Preco" />
			<argument type="service" id="\Odhen\API\Service\TEF" />
			<argument type="service" id="\Service\ParamsTAA" />
			<argument type="service" id="\Odhen\API\Lib\ImpressaoUtil" />
			<argument type="service" id="\Odhen\API\Remote\TEF\TEF" />
			<argument type="service" id="\Odhen\API\Service\Comanda" />
			<argument type="service" id="\Odhen\API\Service\Consumidor" />
			<argument type="service" id="\Odhen\API\Service\Caixa" />
			<argument type="service" id="\Odhen\API\Service\CashCupom"/>
		</service>
		<service id="\Controller\TEF" class="\Controller\TEF">
			<argument type="service" id="entityManager" />
			<argument type="service" id="\Odhen\API\Remote\TEF\TEF" />
			<argument type="service" id="\Odhen\API\Service\TEF" />
			<argument type="service" id="\Odhen\API\Service\Preco" />
			<argument type="service" id="\Odhen\API\Util\Util" />
		</service>
		<service id="\Controller\Fidelity" class="\Controller\Fidelity">
			<argument type="service" id="entityManager" />
			<argument type="service" id="\Odhen\API\Service\Fidelidade" />
		</service>
		<service id="\Controller\BlockedProducts" class="\Controller\BlockedProducts">
			<argument type="service" id="\Service\ParamsTAA" />
		</service>
		<service id="\Controller\ImagesManager" class="\Controller\ImagesManager">
			<argument type="service" id="instanceManager" />
			<argument type="service" id="\Service\ParamsTAA" />
		</service>
		<!-- HELPERS -->
		<service id="\Helpers\Environment" class="\Helpers\Environment">
			<argument type="service" id="session"/>
		</service>

	</services>

</container>
